prompt_id,base_id,task_category,variant_type,prompt,expected_answer
B001-S,B001,arithmetic,standard,"다음 문제의 정답을 A, B, C, D 중 하나로만 답하세요. 철수에게 사과 3개가 있었고 2개를 더 받았습니다. 지금 사과는 몇 개인가요? A) 4 B) 5 C) 6 D) 7",B
B001-P,B001,arithmetic,paraphrase,"아래 문제를 풀고 정답 문자인 A/B/C/D만 출력하세요. 철수는 사과 세 개를 갖고 있다가 두 개를 더 받았습니다. 모두 몇 개가 되었나요? A) 4 B) 5 C) 6 D) 7",B
B001-F,B001,arithmetic,formality,"이거 답만 A B C D 중에서 골라줘. 철수 사과가 3개 있었는데 2개 더 받았어. 이제 몇 개야? A) 4 B) 5 C) 6 D) 7",B
B001-T,B001,arithmetic,typo,"정답은 A B C D 중 하나만 써주세요. 철수에게 사과 3개가 잇었고 2개를 더 받앗습니다. 지금 몇 개인가요? A) 4 B) 5 C) 6 D) 7",B
B001-SP,B001,arithmetic,spacing,"정답문자만 A/B/C/D 중 하나로 답해주세요. 철수에게 사과3개가 있었고 2개를 더받았습니다. 지금 사과는 몇개인가요? A) 4 B) 5 C) 6 D) 7",B
B001-W,B001,arithmetic,word_order,"A/B/C/D 중 정답 문자 하나만 답하세요. 사과를 2개 더 받은 철수는 원래 3개를 가지고 있었습니다. 현재 몇 개인가요? A) 4 B) 5 C) 6 D) 7",B
B002-S,B002,arithmetic,standard,"정답을 A, B, C, D 중 하나로만 답하세요. 한 권에 1,200원인 공책을 3권 사면 총 얼마인가요? A) 2,400원 B) 3,000원 C) 3,600원 D) 4,200원",C
B002-P,B002,arithmetic,paraphrase,"A/B/C/D 중 답 하나만 출력하세요. 공책 한 권 가격이 1,200원입니다. 같은 공책 세 권의 가격은 얼마인가요? A) 2,400원 B) 3,000원 C) 3,600원 D) 4,200원",C
B002-F,B002,arithmetic,formality,"답만 골라줘. 공책 하나가 1,200원인데 3개 사면 얼마야? A) 2,400원 B) 3,000원 C) 3,600원 D) 4,200원",C
B002-T,B002,arithmetic,typo,"A B C D 중 정답만 적어주세요. 공책 한 권이 1,200원이고 3권을 삿습니다. 총 얼마인가요? A) 2,400원 B) 3,000원 C) 3,600원 D) 4,200원",C
B002-SP,B002,arithmetic,spacing,"정답문자만 답하세요. 한권에 1,200원인 공책을 3권사면 총얼마인가요? A) 2,400원 B) 3,000원 C) 3,600원 D) 4,200원",C
B002-W,B002,arithmetic,word_order,"A/B/C/D 중 하나만 답하세요. 총 세 권을 사려는 공책은 한 권 가격이 1,200원입니다. 모두 얼마인가요? A) 2,400원 B) 3,000원 C) 3,600원 D) 4,200원",C
B003-S,B003,logic,standard,"정답을 A, B, C, D 중 하나로만 답하세요. 모든 고양이는 포유류이고 모든 포유류는 동물입니다. 따라서 모든 고양이는 동물이라고 할 수 있나요? A) 예 B) 아니요 C) 정보 부족 D) 모순",A
B003-P,B003,logic,paraphrase,"A/B/C/D 중 정답 문자만 출력하세요. 고양이는 모두 포유류에 속하고 포유류는 모두 동물에 속합니다. 그렇다면 고양이는 모두 동물인가요? A) 예 B) 아니요 C) 정보 부족 D) 모순",A
B003-F,B003,logic,formality,"답만 A B C D 중에서 골라줘. 고양이는 전부 포유류고 포유류는 전부 동물이야. 그럼 고양이는 전부 동물이라고 해도 돼? A) 예 B) 아니요 C) 정보 부족 D) 모순",A
B003-T,B003,logic,typo,"정답 문자 하나만 답해주세요. 모든 고양이는 포유류이고 모든 포유류는 동물임니다. 그러면 모든 고양이는 동물인가요? A) 예 B) 아니요 C) 정보 부족 D) 모순",A
B003-SP,B003,logic,spacing,"A/B/C/D 중 하나만 답하세요. 모든고양이는 포유류이고 모든포유류는 동물입니다. 따라서 모든고양이는 동물인가요? A) 예 B) 아니요 C) 정보 부족 D) 모순",A
B003-W,B003,logic,word_order,"정답 문자만 답하세요. 동물에는 모든 포유류가 포함되고, 그 포유류에는 모든 고양이가 포함됩니다. 모든 고양이는 동물인가요? A) 예 B) 아니요 C) 정보 부족 D) 모순",A
B004-S,B004,classification,standard,"문장의 감정을 분류하고 A, B, C, D 중 하나로만 답하세요. 문장: '오늘 시험에 합격해서 정말 기쁘다.' A) 긍정 B) 부정 C) 중립 D) 판단 불가",A
B004-P,B004,classification,paraphrase,"정답 문자인 A/B/C/D만 출력하세요. 다음 문장의 감정은 무엇인가요? '시험에 붙어서 오늘 정말 기분이 좋다.' A) 긍정 B) 부정 C) 중립 D) 판단 불가",A
B004-F,B004,classification,formality,"답만 골라줘. '나 오늘 시험 붙어서 진짜 기뻐.' 이 문장의 감정은? A) 긍정 B) 부정 C) 중립 D) 판단 불가",A
B004-T,B004,classification,typo,"A B C D 중 하나만 답해주세요. '오늘 시험에 합격해서 정말 기쁘다'의 감정을 골라주새요. A) 긍정 B) 부정 C) 중립 D) 판단 불가",A
B004-SP,B004,classification,spacing,"정답문자만 답하세요. 문장 '오늘시험에 합격해서 정말기쁘다.'의 감정은 무엇인가요? A) 긍정 B) 부정 C) 중립 D) 판단 불가",A
B004-W,B004,classification,word_order,"A/B/C/D 중 하나만 답하세요. '정말 기쁘다. 오늘 시험에 합격했다.' 이 문장의 감정은? A) 긍정 B) 부정 C) 중립 D) 판단 불가",A
B005-S,B005,commonsense,standard,"정답을 A, B, C, D 중 하나로만 답하세요. 비가 오는 날 밖에 나갈 때 우산을 쓰는 가장 일반적인 이유는 무엇인가요? A) 비를 맞지 않기 위해 B) 신발을 무겁게 하기 위해 C) 햇빛을 더 받기 위해 D) 시간을 확인하기 위해",A
B005-P,B005,commonsense,paraphrase,"A/B/C/D 중 답 하나만 출력하세요. 사람들이 비 오는 날 우산을 펴는 주된 목적은 무엇인가요? A) 비를 맞지 않기 위해 B) 신발을 무겁게 하기 위해 C) 햇빛을 더 받기 위해 D) 시간을 확인하기 위해",A
B005-F,B005,commonsense,formality,"답만 골라줘. 비 오는 날 왜 보통 우산 써? A) 비를 맞지 않기 위해 B) 신발을 무겁게 하기 위해 C) 햇빛을 더 받기 위해 D) 시간을 확인하기 위해",A
B005-T,B005,commonsense,typo,"정답 문자만 답해주세요. 비오는 날 밖에 나갈 때 우산을 쓰는 가장 일반적인 이유가 뭔가요? A) 비를 맞지 안기 위해 B) 신발을 무겁게 하기 위해 C) 햇빛을 더 받기 위해 D) 시간을 확인하기 위해",A
B005-SP,B005,commonsense,spacing,"A/B/C/D 중 하나만 답하세요. 비가오는날 밖에나갈때 우산을 쓰는 가장일반적인 이유는? A) 비를 맞지 않기 위해 B) 신발을 무겁게 하기 위해 C) 햇빛을 더 받기 위해 D) 시간을 확인하기 위해",A
B005-W,B005,commonsense,word_order,"정답 문자 하나만 답하세요. 밖에 나가야 하는데 비가 옵니다. 사람들이 보통 우산을 사용하는 이유는 무엇인가요? A) 비를 맞지 않기 위해 B) 신발을 무겁게 하기 위해 C) 햇빛을 더 받기 위해 D) 시간을 확인하기 위해",A
